{"cameraMode":{"drawMode":0,"name":"Shaded","section":"Shading Mode"},"sceneLighting":true,"audioPlay":false,"sceneViewState":{"showFog":true,"showMaterialUpdate":false,"showSkybox":true,"showFlares":true,"showImageEffects":true,"showParticleSystems":true},"in2DMode":false,"pivot":{"x":-1.302717685699463,"y":5.012448310852051,"z":-2.0729541778564455},"rotation":{"x":-0.000941083300858736,"y":0.9876047372817993,"z":-0.156846821308136,"w":-0.005925722885876894},"size":33.19703674316406,"orthographic":false}